Fem_Emp_Pop_Ratio,Fem_Unemp_Rate,Mean_Age_Mothers,GDP_Per_Capita,Urban_Pop_Rate,Years_Schooling,Fertility_Rate,Actual_Growth,Predicted_Growth,Residual,Country,Year
17.301,24.341,29.811,57308.465,25816111.0,9.5625,2.65,0.49650135572465676,0.050551120445087264,0.4459502352795695,Saudi Arabia,2016
54.617,4.044,28.248,9390.791,7684922.0,8.7225,2.829,0.24840562905181066,0.01117253092716365,0.23723309812464702,Bolivia,2016
31.073,7.235,25.393,5682.5356,56417650.0,5.44,2.227,0.2639937904887006,0.028003120147142332,0.23599067034155824,Bangladesh,2016
14.265,10.253,29.278,2757.0525,7028189.0,0.5953749,6.094,0.26807172066687635,0.04943867379561684,0.2186330468712595,Afghanistan,2011
32.98,7.13,29.646,37704.496,391879.0,10.04,1.443,0.25154877224600136,0.053455166552903485,0.19809360569309786,Malta,2011
