Fem_Emp_Pop_Ratio,Fem_Unemp_Rate,Mean_Age_Mothers,GDP_Per_Capita,Urban_Pop_Rate,Years_Schooling,Fertility_Rate,Actual_Growth,Predicted_Growth,Residual,Country,Year
-1.6622006279426982,1.9769995639165026,0.8430369158041497,1.8327210146431303,0.24367236072304754,0.8718984730488488,-0.44127780933196203,0.49650135572465676,0.050551120445087264,0.4459502352795695,Saudi Arabia,2016
0.5610271417573885,-0.7212076244529894,-0.16026876229994738,-0.4053839952698612,-0.16036389121500466,0.6288792899900836,-0.34281914532872937,0.24840562905181066,0.011172530927163655,0.237233098124647,Bolivia,2016
-0.8416868310644262,-0.29700803150393035,-1.9929224481522825,-0.5785865799524338,0.9255984672291422,-0.3207760295222935,-0.6739482834848523,0.2639937904887006,0.028003120147142336,0.23599067034155824,Bangladesh,2016
-1.8430806662321575,0.1041935891542519,0.5008987670968654,-0.7152279866811032,-0.1749985596774002,-1.7223674986032325,1.4530888880263215,0.26807172066687635,0.04943867379561684,0.2186330468712595,Afghanistan,2011
-0.7280708122837943,-0.31096633838567633,0.737121729056117,0.9170726208358897,-0.3228823978029095,1.0100433062757062,-1.1051862308509655,0.25154877224600136,0.0534551665529035,0.19809360569309786,Malta,2011
